village_name_pdf,circle,flood_class,pdf_page
Barahi Da-Pather,chabua,Very High (16-18),162
Dihingia Gaon,moran,Very High (16-18),162
Marani Pather,chabua,High (13-15),162
Bocha Gaon,dibrugarh east,Very High (16-18),162
Sologuri No.1,moran,Very High (16-18),162
Niz-Chabua Gaon,chabua,High (13-15),162
Alimur Gaon,dibrugarh east,Very High (16-18),162
"LENGRI, NAMDANG R.F.",moran,Very High (16-18),162
Phukanar Khat,chabua,High (13-15),162
Romai Gaon,dibrugarh east,Very High (16-18),162
Thangal No.1,moran,Very High (16-18),162
Sonipotia,chabua,High (13-15),162
Naga Chuk Pather,dibrugarh west,Very High (16-18),162
Changmai Gaon,moran,Very High (16-18),162
Hatiali T.E.,chabua,High (13-15),162
Naloni Grant No.29,dibrugarh west,Very High (16-18),162
Nakhangia Bangali gaon,tengakhat,Very High (16-18),162
Kapahuwa,chabua,High (13-15),162
Nahazar Kanwar Gaon,dibrugarh west,Very High (16-18),162
Ekorani No.2,tengakhat,Very High (16-18),162
Rong Chungi,chabua,High (13-15),162
Subha Chuk Gaon,dibrugarh west,Very High (16-18),162
Tamuli Khat Gaon,tengakhat,Very High (16-18),162
Thanai Chuk,chabua,High (13-15),162
Panitola Khowa Gaon,dibrugarh west,Very High (16-18),162
Khongia Gaon,tengakhat,Very High (16-18),162
Dinjan Satra,chabua,High (13-15),162
Lezai Miri Pather,dibrugarh west,Very High (16-18),162
"Chiringhola No,1",tengakhat,Very High (16-18),162
Baratichuk,chabua,High (13-15),162
Garudharia Gaon,dibrugarh west,Very High (16-18),162
Kuli No.1,tingkhong,Very High (16-18),162
Mudoi Gaon,chabua,High (13-15),162
Kapow Tepor Gaon,dibrugarh west,Very High (16-18),162
Kachalo,tingkhong,Very High (16-18),162
Bharalua,chabua,High (13-15),162
Changmai Gohain Gaon,dibrugarh west,Very High (16-18),162
Kheroni Pathar,tingkhong,Very High (16-18),162
Dhopabar Chuk,chabua,High (13-15),162
Lezai Gaon,dibrugarh west,Very High (16-18),163
Gondhia No.1,tingkhong,Very High (16-18),163
Chomni Gaon,chabua,High (13-15),163
Tepor Pather Gon,dibrugarh west,Very High (16-18),163
Gondhia N2,tingkhong,Very High (16-18),163
Chungi Chuk Gaon,chabua,High (13-15),163
Kala Khowa Gohai Gaon,dibrugarh west,Very High (16-18),163
Ghogulani,tingkhong,Very High (16-18),163
Garpara Konwar,chabua,High (13-15),163
Dewanbari Gaon,dibrugarh west,Very High (16-18),163
Kuli No.2,tingkhong,Very High (16-18),163
Bhardhora Bongali,chabua,High (13-15),163
Burhayar Kanwar Gaon,dibrugarh west,Very High (16-18),163
Ghalon,na,Very High (16-18),163
Wilton 22/157 ORR,chabua,High (13-15),163
Patra Gaon,dibrugarh west,Very High (16-18),163
BRAHMAPUTRA RIVER,na,Very High (16-18),163
Betmela,chabua,High (13-15),163
Rasipather No.1,moran,Very High (16-18),163
Dihingmukh R.F.,na,Very High (16-18),163
Chetia Gaon,chabua,High (13-15),163
Kuli Gaon,moran,High (13-15),163
Sologuri 9/182 NNL TP Grant Vi,moran,High (13-15),163
Kamaldai Gaon,moran,High (13-15),163
Dikhari Moran No.1,moran,High (13-15),163
Na-Khat Sonowal,moran,High (13-15),163
Khowang Chah Co 108 No. f.s.Gr,moran,High (13-15),163
Deogharia No.1,moran,High (13-15),163
Kamar Gaon,dibrugarh west,High (13-15),163
Haldhibari Bor Pather,moran,High (13-15),163
Niz Bhekulajan,tengakhat,High (13-15),163
Niz-Khanikar,dibrugarh west,High (13-15),163
Dighali Block Gaon(a),naharkatiya,High (13-15),163
Abhypuria Gaon,tengakhat,High (13-15),163
Kolatomoni Gaon,dibrugarh west,High (13-15),163
Borbam No.2,naharkatiya,High (13-15),163
Chungi Pather Gaon,tengakhat,High (13-15),163
Nibak Gaon,dibrugarh west,High (13-15),163
Nirmalia N.C.,naharkatiya,High (13-15),163
Jamuguri No.2,tingkhong,High (13-15),163
Barpather Konwar Gaon,dibrugarh west,High (13-15),163
Batonibam Habi Gaon,naharkatiya,High (13-15),163
Chewani,tingkhong,High (13-15),163
Lepat Kata Gaon,dibrugarh west,High (13-15),163
Hudupara,naharkatiya,High (13-15),163
Naga Pather,tingkhong,High (13-15),163
Thengal Gaon,dibrugarh west,High (13-15),163
Naharani Block No.1,naharkatiya,High (13-15),163
Ranga Bamuni No.2,tingkhong,High (13-15),163
Dighali Daloni Gaon,dibrugarh west,High (13-15),163
Balimora Pather,naharkatiya,High (13-15),163
Tipomia Bangali No.3,tingkhong,High (13-15),163
Binoigatia Gaon,dibrugarh west,High (13-15),163
Merbondha Gaon,naharkatiya,High (13-15),163
Sisumoria,tingkhong,High (13-15),163
Motok Gaon,dibrugarh west,High (13-15),163
Ghuguloni,naharkatiya,High (13-15),163
Tipomia Bangali No.2,tingkhong,High (13-15),163
Metakani Gaon,dibrugarh west,High (13-15),163
Rangali Pather,naharkatiya,High (13-15),163
Khowang Grant,tingkhong,High (13-15),163
Lezai Gaon Pather,dibrugarh west,High (13-15),163
Borkheremia Gaon No.2,naharkatiya,High (13-15),163
Ouguri Kapahua No.1,tingkhong,High (13-15),163
Pani Gaon,dibrugarh west,High (13-15),163
Nahrani Block No.2,naharkatiya,High (13-15),163
Kamarchuk Bakobot,tingkhong,High (13-15),163
Dibrual Dihingia Gaon,dibrugarh west,High (13-15),163
Borkheremia Ghilaguri,naharkatiya,High (13-15),163
Sagunechowa No.2,tingkhong,High (13-15),163
Tinsukia Gaon,dibrugarh west,High (13-15),163
Bamunibil No.3,naharkatiya,High (13-15),163
Dhadhumia No.1,tingkhong,High (13-15),163
Kutaha Bangal,dibrugarh west,High (13-15),163
Dighali Block Gaon(b),naharkatiya,High (13-15),163
Tingkhongia,tingkhong,High (13-15),163
Panitola Pukhuri,moran,High (13-15),163
Kenduguri Gaon,naharkatiya,High (13-15),163
Tipomia Digholia,tingkhong,High (13-15),163
Moran Chah co.Darkhasta no98,moran,High (13-15),163
Sachoni Pather Gaon,naharkatiya,High (13-15),163
Thulai Chuk,tingkhong,High (13-15),163
Ghoguloni Berbam,moran,High (13-15),163
Khatua,naharkatiya,High (13-15),163
Digholia No.1,tingkhong,High (13-15),163
Goria Habi Chuck,moran,High (13-15),163
Hukani,naharkatiya,High (13-15),163
Ouphulia,tingkhong,High (13-15),163
Bordoloni Gaon,moran,High (13-15),163
Majkapahuwa,naharkatiya,High (13-15),163
Charing Pather,tingkhong,High (13-15),163
Lakumoni No.1,moran,High (13-15),163
Cheleng,naharkatiya,High (13-15),163
Gerekoni No.1,tingkhong,High (13-15),163
Dehingia Gaon No.2,moran,High (13-15),163
Paniyebura Pather No.1,naharkatiya,High (13-15),163
Ghahi,tingkhong,High (13-15),163
Bormeshlow Gaon,moran,High (13-15),163
Tairai Gaon,naharkatiya,High (13-15),163
Gharbandi Baman Pukhuri,tingkhong,High (13-15),163
Bezapather no.2,moran,High (13-15),163
Nakhafiya Sonowal Gaon No.2,naharkatiya,High (13-15),163
Nabhakatia No.1,tingkhong,High (13-15),163
Ghuguloni Bangali,moran,High (13-15),163
Sachani,naharkatiya,High (13-15),163
Bamunpukhuri,tingkhong,High (13-15),163
Teporcholi Bam Gaon,moran,High (13-15),163
Dighalia Gaon,naharkatiya,High (13-15),163
Kereng,tingkhong,High (13-15),163
Madhakali No.1,moran,High (13-15),163
Kowoimari Gaon,naharkatiya,High (13-15),163
Kailagarh Habi,tingkhong,High (13-15),163
Gajpuria Nepali,moran,High (13-15),163
Amguri,naharkatiya,High (13-15),163
Bor Pather No.1,tingkhong,High (13-15),163
Panitola Gaon,moran,High (13-15),163
Jhinai Gaon,naharkatiya,High (13-15),163
Jamuguri No.1,tingkhong,High (13-15),163
Phatikachowa Abhoyapuria Gaon,moran,High (13-15),163
Asamia Gaon,naharkatiya,High (13-15),163
Mahmora Kapohua,tingkhong,High (13-15),163
Demorokiner Changmai,moran,High (13-15),163
Borbam No.1,naharkatiya,High (13-15),163
Garaguri Choudhung No.1,tingkhong,High (13-15),163
Fatikachowa Ahom Gaon,moran,High (13-15),163
Tarani Pather,naharkatiya,High (13-15),163
Betoni No.2,tingkhong,High (13-15),163
Konwar Gaon No.1,moran,High (13-15),163
Jamuguri Konwari Pather,naharkatiya,High (13-15),163
Bacha Gaon,tingkhong,High (13-15),163
Hunghugia No.1,moran,High (13-15),163
Kukuraphuia (Santipur),naharkatiya,High (13-15),163
Pulungari,tingkhong,High (13-15),163
Bezarchuk Bangali,moran,High (13-15),163
Mathawani,naharkatiya,High (13-15),163
Sisumaria Borpather,tingkhong,High (13-15),163
Bharalibari No. 1,moran,High (13-15),163
Gulimora No.1,tengakhat,High (13-15),163
Jamuguri Bangali,tingkhong,High (13-15),163
Deogharia No.2,moran,High (13-15),163
Gulimora No.2,tengakhat,High (13-15),163
Gharbandi Borpather,tingkhong,High (13-15),163
Arameshlow-2,moran,High (13-15),164
Gulimora T.E. No.24,tengakhat,High (13-15),164
Nachoni No.1,tingkhong,High (13-15),164
Barghoguloni,moran,High (13-15),164
Bamunikuria,tengakhat,High (13-15),164
Jerai Gaon,na,High (13-15),164
Konowar Gaon No.2,moran,High (13-15),164
Ghortong Bangali Gaon,tengakhat,High (13-15),164
Khalmati,na,High (13-15),164
Gojpuria Gaon,moran,High (13-15),164
Nakari Village,tengakhat,High (13-15),164
Namrup Chah Bagicha(S/E) Rly,na,High (13-15),164
Chahari Kota No.1,moran,High (13-15),164
Bordubi No.1,tengakhat,High (13-15),164
Kachomari,na,High (13-15),164
Goruhola Gaon,moran,High (13-15),164
Nagajan Gaon,tengakhat,High (13-15),164
Pulunga Gaon,na,High (13-15),164
Khowang Sonowal Bengali,moran,High (13-15),164
Kathalguri Gaon No.1,tengakhat,High (13-15),164
Jun Gaon No.1,na,High (13-15),164
Majumolia Gaon,moran,High (13-15),164
Balimora,tengakhat,High (13-15),164
Motok Kaibortta Gaon,na,High (13-15),164
Dekhari Nepali,moran,High (13-15),164
Ekorani No.1,tengakhat,High (13-15),164
Sagalikata,dibrugarh east,High (13-15),164
Kamaldai Bangali,moran,High (13-15),164
Basmotia No.2,tengakhat,High (13-15),164
Ghagarajan,dibrugarh east,High (13-15),164
Rasi Pather Nepali,moran,High (13-15),164
Chungigaon,tengakhat,High (13-15),164
Chiringhola No.2,dibrugarh east,High (13-15),164
Ghugul Bari,moran,High (13-15),164
Bhajani,tengakhat,High (13-15),164
Phutahola,dibrugarh east,High (13-15),164
Nahazar Sonowal,moran,High (13-15),164
Chiring Khat Gaon-1,tengakhat,High (13-15),164
Chawlkhowa Grant Gaon,dibrugarh east,High (13-15),164
Jatiyani,moran,High (13-15),164
Gandhiya Gaon,tengakhat,High (13-15),164
123/224 F.S. Grant (Romai),dibrugarh east,High (13-15),164
Thangal Gaon No.2,moran,High (13-15),164
Deoghoria,tengakhat,High (13-15),164
Hiloidhari Chandoi Gaon,dibrugarh east,High (13-15),164
chokalia No.3,moran,High (13-15),164
Borpather No.2,tengakhat,High (13-15),164
Nahar Saku Gaon,dibrugarh east,High (13-15),164
Deobil Gaon,tengakhat,High (13-15),164
Bebejia Gaon,dibrugarh east,High (13-15),164
Saragphola Gaon,moran,High (13-15),164
Kathalguri-2,tengakhat,High (13-15),164
Dewanbari 24/149 Grant,dibrugarh west,High (13-15),164
Chagali Pather,moran,High (13-15),164
Chekoli Baria Gaon,tengakhat,High (13-15),164
Ghitira Pather,dibrugarh west,High (13-15),164
Dekhari Kiner No.1,moran,High (13-15),164
Panimoli Gaon,tengakhat,High (13-15),164
Sapekhati Gaon,dibrugarh west,High (13-15),164
1 No.Leorgeri Gaon,moran,High (13-15),164
Saru Abhoyapuria,tengakhat,High (13-15),164
N.C,dibrugarh west,High (13-15),164
Hatimura Gaon,dibrugarh west,High (13-15),164
Kushia Khana Gaon,dibrugarh west,High (13-15),164
Garudharia Gaon No.1,dibrugarh west,High (13-15),164
Lezai Miri Gaon,dibrugarh west,High (13-15),164
Kadamani,chabua,Moderate (9-12),164
Jugalani 43 F.C.,dibrugarh west,Moderate (9-12),164
Dighalibil No.1,naharkatiya,Moderate (9-12),164
Dikam Naharani,chabua,Moderate (9-12),164
Jokai R.F.,dibrugarh west,Moderate (9-12),164
Tikirabari N.C.,naharkatiya,Moderate (9-12),164
Rohmoria Gaon,chabua,Moderate (9-12),164
Konwarbam Gaon,naharkatiya,Moderate (9-12),164
Sialkhati T.E. 9 No N.C.,chabua,Moderate (9-12),164
Harak Pather Gaon,dibrugarh west,Moderate (9-12),164
Amguri Nepali,naharkatiya,Moderate (9-12),164
Thanai T.E.,chabua,Moderate (9-12),164
Medela Grant No.3,dibrugarh west,Moderate (9-12),164
Komar Gaon,naharkatiya,Moderate (9-12),164
Balijan T.E.237/235/239/237,chabua,Moderate (9-12),164
Bahbari No.1,dibrugarh west,Moderate (9-12),164
Gela Disang,naharkatiya,Moderate (9-12),164
Sessa Kath,chabua,Moderate (9-12),164
Samaguri,dibrugarh west,Moderate (9-12),164
Ghuronia Bhatichuk,naharkatiya,Moderate (9-12),164
L.C.R.Grant No.11,chabua,Moderate (9-12),164
Merbil Grant No.5,naharkatiya,Moderate (9-12),164
Nadua Gohain,chabua,Moderate (9-12),164
Kutaha Gaon,dibrugarh west,Moderate (9-12),164
Balimora Chah Bagicha,naharkatiya,Moderate (9-12),164
Pakharijan Gaon,chabua,Moderate (9-12),164
Dhunda Nahur No.1,naharkatiya,Moderate (9-12),164
Niz Rohmoria,chabua,Moderate (9-12),164
Dolonikur Kumar Gaon,dibrugarh west,Moderate (9-12),164
Paniyebura No.1,naharkatiya,Moderate (9-12),164
Nephafu,chabua,Moderate (9-12),164
Chanimari Gaon,dibrugarh west,Moderate (9-12),164
Disang Kiner Bengali,naharkatiya,Moderate (9-12),164
Jugi Pather Gaon,chabua,Moderate (9-12),164
Naloni N.C.,moran,Moderate (9-12),164
Merbil Bhumuk,naharkatiya,Moderate (9-12),164
Kailaberi T.E.,chabua,Moderate (9-12),164
Lukumoni No.2,moran,Moderate (9-12),164
Murhani,naharkatiya,Moderate (9-12),164
Moutani No.2,moran,Moderate (9-12),164
Gariabam Gaon,naharkatiya,Moderate (9-12),164
Dikam Chacha Gaon,chabua,Moderate (9-12),164
Tepujan,moran,Moderate (9-12),164
Basbari Tipling,naharkatiya,Moderate (9-12),164
Teni Kuria,chabua,Moderate (9-12),164
Naloni Doloni-2,moran,Moderate (9-12),164
Balijan No.3,naharkatiya,Moderate (9-12),164
Charai Chungi Gaon,chabua,Moderate (9-12),165
Kunwrijan,naharkatiya,Moderate (9-12),165
Kharikatia Gaon,chabua,Moderate (9-12),165
Moina Block N.C.,moran,Moderate (9-12),165
Khatowa Pather Gaon,naharkatiya,Moderate (9-12),165
Hatikhola Bongali,chabua,Moderate (9-12),165
Niz Khowang Betoni,moran,Moderate (9-12),165
Ikarakata,naharkatiya,Moderate (9-12),165
Charai Chungi Habi Gaon,chabua,Moderate (9-12),165
Bamunbari 50/162 or Grant,moran,Moderate (9-12),165
Disang Kiner Bangali,naharkatiya,Moderate (9-12),165
Bamunia Hiloidhari,chabua,Moderate (9-12),165
Bamunbari No.1 NLR Grant,moran,Moderate (9-12),165
Powali Pather No.1,naharkatiya,Moderate (9-12),165
LengraiJokaiAssamTE13No.fs.,chabua,Moderate (9-12),165
Bezapather No.1,moran,Moderate (9-12),165
Rajagarh Bangali Pather,naharkatiya,Moderate (9-12),165
Kamuhata Habi,chabua,Moderate (9-12),165
1 No.Buri Khowang,moran,Moderate (9-12),165
Ganisuk Kobor,chabua,Moderate (9-12),165
Charaihabi Gaon No.1,moran,Moderate (9-12),165
Naharani Block,naharkatiya,Moderate (9-12),165
Agni Pather Gaon,dibrugarh east,Moderate (9-12),165
2No.Charihabi,moran,Moderate (9-12),165
Chengelijan Habi No.1,naharkatiya,Moderate (9-12),165
Rajgarh No. 1,dibrugarh east,Moderate (9-12),165
Silputa No.1,moran,Moderate (9-12),165
Kakajan Gaon,naharkatiya,Moderate (9-12),165
Dangar Pather No.2,dibrugarh east,Moderate (9-12),165
Barbil Block gaon,moran,Moderate (9-12),165
Golai Bengali,naharkatiya,Moderate (9-12),165
Garuchera Gaon,dibrugarh east,Moderate (9-12),165
Tuni Gaon,moran,Moderate (9-12),165
Nagamati Kheremia Gaon,naharkatiya,Moderate (9-12),165
Habi Chuk,dibrugarh east,Moderate (9-12),165
3 No. Buri Khowang,moran,Moderate (9-12),165
Dhunda Nahur No.2,naharkatiya,Moderate (9-12),165
Konwari Pather,dibrugarh east,Moderate (9-12),165
Thangal,moran,Moderate (9-12),165
Gurania No.2,naharkatiya,Moderate (9-12),165
Melengial Gaon,dibrugarh east,Moderate (9-12),165
Sologuri No.2,moran,Moderate (9-12),165
Ghuronia,naharkatiya,Moderate (9-12),165
Basmotia Grant 8,dibrugarh east,Moderate (9-12),165
Ahom Gaon,moran,Moderate (9-12),165
Rangswal No.2,naharkatiya,Moderate (9-12),165
Wilton Gaon No.11,dibrugarh east,Moderate (9-12),165
Rasipahter No.3,moran,Moderate (9-12),165
Lebang Khula Gaon,naharkatiya,Moderate (9-12),165
Bhimpara,dibrugarh east,Moderate (9-12),165
Ghoguloni Nepali,moran,Moderate (9-12),165
Dehing Hola No.1,naharkatiya,Moderate (9-12),165
Rongpuria,dibrugarh east,Moderate (9-12),165
Lengeri No.4,moran,Moderate (9-12),165
Ghilaguri Gaon,naharkatiya,Moderate (9-12),165
Dibruwal Changmai,dibrugarh east,Moderate (9-12),165
Tikhorai Bangali,moran,Moderate (9-12),165
Dorania Gaon No.1,naharkatiya,Moderate (9-12),165
Teporchali,dibrugarh east,Moderate (9-12),165
Dehingia Gaon No.3,moran,Moderate (9-12),165
Namati Block,naharkatiya,Moderate (9-12),165
Kanai Gaon,dibrugarh east,Moderate (9-12),165
Naharani Sonowal,moran,Moderate (9-12),165
Halowa,naharkatiya,Moderate (9-12),165
Gharbandi Chuk Zarua,dibrugarh east,Moderate (9-12),165
Dhemechi Gaon,moran,Moderate (9-12),165
Nigam Gaon,naharkatiya,Moderate (9-12),165
Miri Pather Gaon,dibrugarh east,Moderate (9-12),165
Napather,moran,Moderate (9-12),165
Dighalia Gaon No.2,naharkatiya,Moderate (9-12),165
Kandhuli Bari Grant 4 no.FS 16,dibrugarh east,Moderate (9-12),165
Ahomgaon Nagor,moran,Moderate (9-12),165
Tingrai Borhula,tengakhat,Moderate (9-12),165
Losongaya Miri N.C.,dibrugarh east,Moderate (9-12),165
Madhakali No.2,moran,Moderate (9-12),165
Rangajan No.2,tengakhat,Moderate (9-12),165
Tamulbari T.E. 40/43 NLR,dibrugarh east,Moderate (9-12),165
Muwamora Gaon No.2,moran,Moderate (9-12),165
Phukanbari Bagan No.25,tengakhat,Moderate (9-12),165
Ekaratoli Beheoigutia,dibrugarh east,Moderate (9-12),165
Mirihola No.1,moran,Moderate (9-12),165
Bahoni Pather,tengakhat,Moderate (9-12),165
Jhiliguri Gaon,dibrugarh east,Moderate (9-12),165
4 No.Silputa Gaon,moran,Moderate (9-12),165
Hatigah Bahjan,tengakhat,Moderate (9-12),165
Langsoo Gaon,dibrugarh east,Moderate (9-12),165
Moran Chah Company WNL 5,moran,Moderate (9-12),165
Chirikabel,tengakhat,Moderate (9-12),165
Lahowal Patia,dibrugarh east,Moderate (9-12),165
Ghoguloni Bangali,moran,Moderate (9-12),165
Ghahi Gaon,tengakhat,Moderate (9-12),165
Niz-Moderkhat,dibrugarh east,Moderate (9-12),165
Nahorani No.1,moran,Moderate (9-12),165
Naharani No.2,tengakhat,Moderate (9-12),165
Dangar Pather No.1,dibrugarh east,Moderate (9-12),165
Lokumaibil,moran,Moderate (9-12),165
Bhadai nagar,tengakhat,Moderate (9-12),165
Nizkanai Gaon,dibrugarh east,Moderate (9-12),165
Teloibari Block Gaon,moran,Moderate (9-12),165
Leojeoni Gaon,tengakhat,Moderate (9-12),165
Sagunibari,dibrugarh east,Moderate (9-12),165
Aremeshlow No.1,moran,Moderate (9-12),165
Puwali Pather,tengakhat,Moderate (9-12),165
Chengelijan,dibrugarh east,Moderate (9-12),165
Naharari No.2,moran,Moderate (9-12),165
Chengdang Gaon,tengakhat,Moderate (9-12),165
Bangal Gaon,dibrugarh east,Moderate (9-12),165
Lengeri No.2,moran,Moderate (9-12),165
Balijan Chah Bagan No.117,tengakhat,Moderate (9-12),165
Rajgarh No.2,dibrugarh east,Moderate (9-12),165
Teloibari Bengali,moran,Moderate (9-12),165
Mahabir Chah Bagan 768/348,tengakhat,Moderate (9-12),165
Japi Sajia Gaon,dibrugarh east,Moderate (9-12),165
Bez Gaon,moran,Moderate (9-12),165
Ushapur (Borbam Gaon),tengakhat,Moderate (9-12),165
Hatkhola Gaon,dibrugarh east,Moderate (9-12),165
Haladhibari Na-Gaon,moran,Moderate (9-12),165
Kheremia Gaon,tengakhat,Moderate (9-12),165
Romai Bongali,dibrugarh east,Moderate (9-12),165
Teloikiner Gaon,moran,Moderate (9-12),165
Bokuloni Gaon No.1,tengakhat,Moderate (9-12),165
Gohain Gaon,dibrugarh east,Moderate (9-12),165
Ahomgaon,moran,Moderate (9-12),165
Disang Borbil,tengakhat,Moderate (9-12),165
Niz Lahowal,dibrugarh east,Moderate (9-12),165
Dekhari Kinar Saragphola,moran,Moderate (9-12),165
Tingrai Nepali,tengakhat,Moderate (9-12),165
Timona Gaon,dibrugarh east,Moderate (9-12),165
2 No. Khowang,moran,Moderate (9-12),165
Appln. No.4 Gariakhitigaon,tengakhat,Moderate (9-12),165
Nunpuria,dibrugarh east,Moderate (9-12),165
Dulia Lahowal Gaon,moran,Moderate (9-12),165
Tingraidam Gaon,tengakhat,Moderate (9-12),165
Baliabari Gaon,dibrugarh west,Moderate (9-12),165
Niz-Khowang,moran,Moderate (9-12),165
Dhekiajan Gaon No.1,tengakhat,Moderate (9-12),165
Khanikar TE,dibrugarh west,Moderate (9-12),165
Chahari Kota No.3,moran,Moderate (9-12),165
Madhuting Chah bagan 24,tengakhat,Moderate (9-12),165
Sonowal Gaon,dibrugarh west,Moderate (9-12),166
Podumoni No.2,moran,Moderate (9-12),166
Tingrai TE Co.Darkasta 29,tengakhat,Moderate (9-12),166
Tepor Gaon,dibrugarh west,Moderate (9-12),166
Bagtali Pather Gaon,moran,Moderate (9-12),166
Barkalagaon,tengakhat,Moderate (9-12),166
Nowjan Gaon,dibrugarh west,Moderate (9-12),166
Kolowlowa Gaon,moran,Moderate (9-12),166
Hatigarh N.C.,tengakhat,Moderate (9-12),166
45 Balai F.S.Grant (B),dibrugarh west,Moderate (9-12),166
Talpani Block Gaon,moran,Moderate (9-12),166
Chercherijan,tengakhat,Moderate (9-12),166
Tiliki Amguri,moran,Moderate (9-12),166
Borbam Gaon,tengakhat,Moderate (9-12),166
Lepet Kata 60 FS 70 NLR,dibrugarh west,Moderate (9-12),166
Dekhari Moran No.2,moran,Moderate (9-12),166
Tingrai Hola,tengakhat,Moderate (9-12),166
Rawmari gaon,dibrugarh west,Moderate (9-12),166
Naloni Doloni-1,moran,Moderate (9-12),166
Pachuti Gaon,tengakhat,Moderate (9-12),166
Dewanbari Bengali Gaon,dibrugarh west,Moderate (9-12),166
Sensuwa Pukhuri No.2,moran,Moderate (9-12),166
Gariabam,tengakhat,Moderate (9-12),166
Kachari Gaon,dibrugarh west,Moderate (9-12),166
Podumoni Miri Gaon,moran,Moderate (9-12),166
Tarajan Chah Bagicha,tengakhat,Moderate (9-12),166
Balai and 42/137 RR Grant,dibrugarh west,Moderate (9-12),166
Bagtali Sonowal,moran,Moderate (9-12),166
Dehing Hoola Gaon No.2,tengakhat,Moderate (9-12),166
Kalyani Na-Gaon,dibrugarh west,Moderate (9-12),166
Koilagarh Gaon,moran,Moderate (9-12),166
Hatiali Gaon,tengakhat,Moderate (9-12),166
Ahom Gaon No.2,moran,Moderate (9-12),166
Dirial,tengakhat,Moderate (9-12),166
Mahmari Pather,dibrugarh west,Moderate (9-12),166
Moran Chah co.140/168no.f.s.Gr,moran,Moderate (9-12),166
Chiring Khat Good No.2,tengakhat,Moderate (9-12),166
Handique Chuk Gaon,dibrugarh west,Moderate (9-12),166
Bukahula,moran,Moderate (9-12),166
Borguri Gaon,tengakhat,Moderate (9-12),166
45 No Balai F.S.Grant (A),dibrugarh west,Moderate (9-12),166
Saragphala Gohain Gaon,moran,Moderate (9-12),166
Kachogaon,tengakhat,Moderate (9-12),166
Romoni Bharali,moran,Moderate (9-12),166
Chapatoli No.1,tengakhat,Moderate (9-12),166
Balai Gaon,dibrugarh west,Moderate (9-12),166
Nawkata Gaon,moran,Moderate (9-12),166
Naoholia-2 Barkhola,tengakhat,Moderate (9-12),166
Lekai Gaon,dibrugarh west,Moderate (9-12),166
Bordoloni Pather,moran,Moderate (9-12),166
Naoholia-2,tengakhat,Moderate (9-12),166
Simaluguri Gaon,dibrugarh west,Moderate (9-12),166
Chahari Kota No.2,moran,Moderate (9-12),166
Chala Kataky No.1,tengakhat,Moderate (9-12),166
Kawaimari Gaon,dibrugarh west,Moderate (9-12),166
No. Changmai Village,moran,Moderate (9-12),166
Bor Pather No.1.Pt.1,tengakhat,Moderate (9-12),166
Dulia Gaon,dibrugarh west,Moderate (9-12),166
Bagtali Bahani,moran,Moderate (9-12),166
Kapahuwa Gaon,tengakhat,Moderate (9-12),166
Lapat Kata Kachari Gaon,dibrugarh west,Moderate (9-12),166
Sensuwa Pakhuri Gaon,moran,Moderate (9-12),166
Tingrai Doom Gaon No.2,tengakhat,Moderate (9-12),166
Borpather Kakoty Gaon,dibrugarh west,Moderate (9-12),166
Silputa No.2,moran,Moderate (9-12),166
Tingrai N.C.,tengakhat,Moderate (9-12),166
Wakhabi Gaon No.1,dibrugarh west,Moderate (9-12),166
Tengai Koch,moran,Moderate (9-12),166
Naharani Gaon No.1,tengakhat,Moderate (9-12),166
Konwar Handique Gaon,dibrugarh west,Moderate (9-12),166
Hunghugia No.4,moran,Moderate (9-12),166
Tingrai Gaon,tengakhat,Moderate (9-12),166
Chengamari Gaon,dibrugarh west,Moderate (9-12),166
Moina Gaon No.2,moran,Moderate (9-12),166
Lenguai Gaon,tengakhat,Moderate (9-12),166
Changamari Tekela Gaon,dibrugarh west,Moderate (9-12),166
107 Grant F.S.,moran,Moderate (9-12),166
Chukar Pather,tingkhong,Moderate (9-12),166
Dihing Kaibarta Gaon,dibrugarh west,Moderate (9-12),166
Nowjan Habi,moran,Moderate (9-12),166
Longboi Pather,tingkhong,Moderate (9-12),166
Dighala Gaon,dibrugarh west,Moderate (9-12),166
Hologuri Gaon,moran,Moderate (9-12),166
Dhadhumia Bangali No.2,tingkhong,Moderate (9-12),166
Naharani Gaon,moran,Moderate (9-12),166
Sukhani,tingkhong,Moderate (9-12),166
Laruajan Gaon,dibrugarh west,Moderate (9-12),166
Tingrai Doom Gaon,naharkatiya,Moderate (9-12),166
Bortoni No.1,tingkhong,Moderate (9-12),166
Kachari Pather No.1,tengakhat,Moderate (9-12),166
Merbil Grazing,naharkatiya,Moderate (9-12),166
Disang,tingkhong,Moderate (9-12),166
Niz-Tengakhat Gaon,tengakhat,Moderate (9-12),166
Dalamuri,naharkatiya,Moderate (9-12),166
Dhua Pather No.1,tingkhong,Moderate (9-12),166
Dharia Gaon,tengakhat,Moderate (9-12),166
Duwara Pather Gaon,naharkatiya,Moderate (9-12),166
Kakowani Block,tingkhong,Moderate (9-12),166
Dighalihola Gaon,tengakhat,Moderate (9-12),166
Kheroni No.2,tingkhong,Moderate (9-12),166
Parbatipur,tingkhong,Moderate (9-12),166
Sagunechowa No.1,tingkhong,Moderate (9-12),166
Latumoni,tingkhong,Moderate (9-12),166
Nalani Kopahua No.1,tingkhong,Moderate (9-12),166
Borbil Bakalial,tingkhong,Moderate (9-12),166
Ouphulia Ali Kiner,tingkhong,Moderate (9-12),166
Chakalia Pather,tingkhong,Moderate (9-12),166
Nagabat No.1,tingkhong,Moderate (9-12),166
Keheruguri,tingkhong,Moderate (9-12),166
Deroi Tea Co.No.3 Darkhasta,tingkhong,Moderate (9-12),166
Purani Sripuria,tingkhong,Moderate (9-12),166
Tipomia Dighalia,tingkhong,Moderate (9-12),166
Kathgaon,chabua,Low (5-8),166
Lararmukh Bakatial,tingkhong,Moderate (9-12),166
Longboi,tingkhong,Moderate (9-12),166
Barbari Bongali,chabua,Low (5-8),166
Dighalia No.3,tingkhong,Moderate (9-12),166
Ghahi Pather,tingkhong,Moderate (9-12),166
Sarupather Bongali,chabua,Low (5-8),166
Gerekoni No.3,tingkhong,Moderate (9-12),166
Diksam Kinar,tingkhong,Moderate (9-12),166
Nakoidhora Bongali,chabua,Low (5-8),166
Bhalukagari,tingkhong,Moderate (9-12),166
Tipomia No.1,tingkhong,Moderate (9-12),166
Gereki Nepali,chabua,Low (5-8),166
Bamunbari TE No.125 F.S.,tingkhong,Moderate (9-12),166
Kekuri Sonowal,tingkhong,Moderate (9-12),166
Bakulmaj Gaon(a),chabua,Low (5-8),166
Borkurukani,tingkhong,Moderate (9-12),166
Rajgarh T.E. 52/163,tingkhong,Moderate (9-12),166
Changmai Baruah Pather,chabua,Low (5-8),166
Grab TE 4/12/35,tingkhong,Moderate (9-12),166
Baghmara,tingkhong,Moderate (9-12),166
Balijan,chabua,Low (5-8),166
Phatingibar,tingkhong,Moderate (9-12),166
Naharpara Bakalial,tingkhong,Moderate (9-12),166
Moricha Kaibarta,chabua,Low (5-8),166
Dighalia No.2,tingkhong,Moderate (9-12),166
Tipomia Bangali,tingkhong,Moderate (9-12),166
Maijan Hindu Kadamoni Gaon,chabua,Low (5-8),166
Bajipahumora,tingkhong,Moderate (9-12),166
Salmari No.1,tingkhong,Moderate (9-12),166
Dinjan 104 No. F.S.,chabua,Low (5-8),166
Kenduguri No.2,tingkhong,Moderate (9-12),167
Raidangia Sheet Grazing,na,Moderate (9-12),167
Nagaon,chabua,Low (5-8),167
Lengeri No.3,tingkhong,Moderate (9-12),167
Gandhia Naharani Gaon,na,Moderate (9-12),167
Potolengamara,chabua,Low (5-8),167
Dungatpara,tingkhong,Moderate (9-12),167
Takela Bangali,na,Moderate (9-12),167
Garpara Gaon,chabua,Low (5-8),167
Dillibaril 15/2 NLR,tingkhong,Moderate (9-12),167
Bogoritolia Gaon,na,Moderate (9-12),167
Kharjan T.E. 156/259-232/240,chabua,Low (5-8),167
Pitha Pather,tingkhong,Moderate (9-12),167
Dumordolong No.1,na,Moderate (9-12),167
Warren T.E.252 NLR,chabua,Low (5-8),167
N.P.Lerela Pather No.2,tingkhong,Moderate (9-12),167
NC,na,Moderate (9-12),167
206/253 NLR (Sialkhati),chabua,Low (5-8),167
Betani No.1,tingkhong,Moderate (9-12),167
Dirai Ghat Block Gaon,na,Moderate (9-12),167
Hati Gadhoi,chabua,Low (5-8),167
Tenga Pather,tingkhong,Moderate (9-12),167
Bagibil Pather,na,Moderate (9-12),167
Tiyajalia Gaon,chabua,Low (5-8),167
Shukani Pather Block,tingkhong,Moderate (9-12),167
Rongmela T.E.,na,Moderate (9-12),167
Muluk Gaon,chabua,Low (5-8),167
Raidangia,tingkhong,Moderate (9-12),167
Kanji Khowa Gaon,na,Moderate (9-12),167
Chabua T.E.28 No.NLR,chabua,Low (5-8),167
Nachoni No.2,tingkhong,Moderate (9-12),167
Abhayapuria Bangali,na,Moderate (9-12),167
Balijan Paniera,chabua,Low (5-8),167
Rajgarh TE No.332 NLR,tingkhong,Moderate (9-12),167
Raidangia Gaon,na,Moderate (9-12),167
Bargadhoi,chabua,Low (5-8),167
Dhaman No.1,tingkhong,Moderate (9-12),167
Kalalur Namdang No.1,na,Moderate (9-12),167
Godhabahar Gaon,chabua,Low (5-8),167
Duchuk Bakobat,tingkhong,Moderate (9-12),167
Deohal T.E No.11 WL Block2,na,Moderate (9-12),167
Kasuwani Pather,chabua,Low (5-8),167
Lerela Pather No.1,tingkhong,Moderate (9-12),167
Mahmora Katoni,na,Moderate (9-12),167
Dikam Sessa 15/154 ORR,chabua,Low (5-8),167
Ranga Bamuni No.1,tingkhong,Moderate (9-12),167
BRAHMAPUTRA,na,Moderate (9-12),167
Dikam T.E.,chabua,Low (5-8),167
Nabhakatia No.2,tingkhong,Moderate (9-12),167
Matiye Khanda Gaon,na,Moderate (9-12),167
Titadimaru,dibrugarh east,Low (5-8),167
Naloni Kapahua No.2,tingkhong,Moderate (9-12),167
Dikhari 283 NLR Grant,na,Moderate (9-12),167
Harabari Grant 115 No.F.S.,dibrugarh east,Low (5-8),167
Simoluguri,tingkhong,Moderate (9-12),167
Dillibri 342 NLR,na,Moderate (9-12),167
Mohonbari 31/160 ORR,dibrugarh east,Low (5-8),167
Geraguri Chowdang No.2,tingkhong,Moderate (9-12),167
Kathalguri Chah Bagan 69,na,Moderate (9-12),167
Tamulbari T.E.,dibrugarh east,Low (5-8),167
Majpathas No.1,tingkhong,Moderate (9-12),167
Jun Gaon No.2,na,Moderate (9-12),167
219/217 NLR Grant (Romai),dibrugarh east,Low (5-8),167
Purani Konwari,tingkhong,Moderate (9-12),167
Hugrijan 116 F.S.,na,Moderate (9-12),167
Miripather 16 No. F.S.,dibrugarh east,Low (5-8),167
Gerekoni No.2,tingkhong,Moderate (9-12),167
Kalalur Namdang No.2,na,Moderate (9-12),167
Lahowal 19/155 ORR 7 No.NC,dibrugarh east,Low (5-8),167
Pawali Pather,tingkhong,Moderate (9-12),167
Podumoni No.1,na,Moderate (9-12),167
Mathala 5/142 ORR,dibrugarh east,Low (5-8),167
Na-Sripuria,tingkhong,Moderate (9-12),167
DIBRU R.F.,na,Moderate (9-12),167
Finluguri Grant 4/155 ORR,dibrugarh east,Low (5-8),167
Sriparia,tingkhong,Moderate (9-12),167
Singirajan No.1,na,Moderate (9-12),167
Basmotia,dibrugarh east,Low (5-8),167
Ouguri Kapahua No.2,tingkhong,Moderate (9-12),167
Phatikachowa Nepali,na,Moderate (9-12),167
Tamulbari T.E. 43/46 NLR,dibrugarh east,Low (5-8),167
Sukan Pather,tingkhong,Moderate (9-12),167
Kecheruguri No.1,na,Moderate (9-12),167
DIBRUGARH,dibrugarh east,Low (5-8),167
Sorojini,tingkhong,Moderate (9-12),167
Chetia Pather Gaon,na,Moderate (9-12),167
Behia Chetia Gaon,dibrugarh east,Low (5-8),167
Nachaudung,tingkhong,Moderate (9-12),167
Lohali,na,Moderate (9-12),167
Barbari 12/141 ORR,dibrugarh east,Low (5-8),167
Baghmara Powali Pather,tingkhong,Moderate (9-12),167
Chakli Bharalua,na,Moderate (9-12),167
Garukhunda,dibrugarh east,Low (5-8),167
Maijan Grant Gaon,dibrugarh east,Low (5-8),167
Kololrur Kuch,moran,Low (5-8),167
Maijan 1/178 ORR,dibrugarh east,Low (5-8),167
Sessakuch Gaon No.1,dibrugarh west,Low (5-8),167
Rangchali Block,moran,Low (5-8),167
Nagaghuli 1/177 ORR,dibrugarh east,Low (5-8),167
Bahbari No.2,dibrugarh west,Low (5-8),167
Rowmari No.3,moran,Low (5-8),167
Dibrugarh Town,dibrugarh east,Low (5-8),167
Hahchara Gaon,dibrugarh west,Low (5-8),167
Kawaimari No.2,moran,Low (5-8),167
Hatiali Habi,dibrugarh east,Low (5-8),167
Konwar Kheroni Gaon,dibrugarh west,Low (5-8),167
Borbam Block Gaon,moran,Low (5-8),167
26 No. F.S.Grant Chengelijan,dibrugarh east,Low (5-8),167
Dhargatoli Gaon,dibrugarh west,Low (5-8),167
Tetun Bari,moran,Low (5-8),167
Bakul T.E. 6 No.NC,dibrugarh east,Low (5-8),167
Changmai Garia Gaon,dibrugarh west,Low (5-8),167
Silisili Dimow Kiner,moran,Low (5-8),167
Jokai T.E. Co.29/143 ORR,dibrugarh east,Low (5-8),167
Bakulmaj Gaon(b),dibrugarh west,Low (5-8),167
Rang Chali Napali,moran,Low (5-8),167
Tekela Chiring Gaon,dibrugarh east,Low (5-8),167
Lengapather,dibrugarh west,Low (5-8),167
1 No. Rowmari,moran,Low (5-8),167
Mokalbari T.E.,dibrugarh east,Low (5-8),167
Nagakhalia Gaon,dibrugarh west,Low (5-8),167
Tarajan,moran,Low (5-8),167
Mohonbari Hindu Gaon,dibrugarh east,Low (5-8),167
Jakaitimora No. L.C.R.,dibrugarh west,Low (5-8),167
Kolowlowa Deorigaon,moran,Low (5-8),167
Niz Moidomia,dibrugarh east,Low (5-8),167
Wakhabi Gaon No.2,dibrugarh west,Low (5-8),167
Phatikachowa Ekorani,moran,Low (5-8),167
Khanikar Gaon,dibrugarh east,Low (5-8),167
Silputa No.5,moran,Low (5-8),167
Lahowal T.E.27/144 ORR Mattak,dibrugarh east,Low (5-8),167
Naharani Block Gaon,moran,Low (5-8),167
Hologuri Bidhi Block No.7,moran,Low (5-8),167
Nowjan No.2,dibrugarh west,Low (5-8),167
Chokalia No.2,moran,Low (5-8),167
Ranga Gorah No.2,moran,Low (5-8),167
Ghuraghus No.1,moran,Low (5-8),167
Dhemechi Holdhibari,moran,Low (5-8),167
Madhakali No.3,moran,Low (5-8),167
Gajpuria Bengali,moran,Low (5-8),167
Borboruah Gaon,dibrugarh west,Low (5-8),167
Teloibari Gaon,moran,Low (5-8),167
Chakalia Gaon,moran,Low (5-8),167
Janjimukh Gaon,dibrugarh west,Low (5-8),167
Duliabam Block,moran,Low (5-8),167
Goramarh Hatigarh,moran,Low (5-8),167
Balai Na-Gaon,dibrugarh west,Low (5-8),167
Ghuraghas No.3,moran,Low (5-8),167
Tetun Bari Borbam,moran,Low (5-8),167
Kath Gaon,dibrugarh west,Low (5-8),168
Teloijan No.1 Shahmiyadi,moran,Low (5-8),168
Dimorokiner Bongali,moran,Low (5-8),168
Chuta Bagpara TE 10/165 ORR(A),dibrugarh west,Low (5-8),168
Nahrani Bangali,moran,Low (5-8),168
Khowang 11/164 NLR Grant,moran,Low (5-8),168
Niz Khowang Domor Hulla,dibrugarh west,Low (5-8),168
Goriholi Chetia,moran,Low (5-8),168
Barbil Gaon,moran,Low (5-8),168
53 No. F.S.,dibrugarh west,Low (5-8),168
Duliabam Gaon,moran,Low (5-8),168
Goraimari Gaon,moran,Low (5-8),168
Hahchara Pather,dibrugarh west,Low (5-8),168
Natun Mazhi,moran,Low (5-8),168
Kollaloyahabi,moran,Low (5-8),168
Mohmari Gaon-1,dibrugarh west,Low (5-8),168
Telia Pather,moran,Low (5-8),168
Kenduguri No.3,moran,Low (5-8),168
Dulia Naharani Gaon,dibrugarh west,Low (5-8),168
Bamunbari 264 NLR Grant,moran,Low (5-8),168
sesa river,moran,Low (5-8),168
Dainijan Gaon,dibrugarh west,Low (5-8),168
Moina Gaon No.1,moran,Low (5-8),168
Ouguri Bangali,naharkatiya,Low (5-8),168
Kamakhya Gaon,dibrugarh west,Low (5-8),168
Dighala Sonwal Gaon,naharkatiya,Low (5-8),168
Bhurbhuri Gaon No.3,dibrugarh west,Low (5-8),168
Madhakali Grant No.128,moran,Low (5-8),168
Balijan No.2,naharkatiya,Low (5-8),168
Niz-Mankatta Gaon,dibrugarh west,Low (5-8),168
Chahari Kota N.C.Block 3,moran,Low (5-8),168
Chamaguri Gaon,naharkatiya,Low (5-8),168
Pani Gaon No.2,dibrugarh west,Low (5-8),168
Hunghugia No.3,moran,Low (5-8),168
Disang Chah Bagicha,naharkatiya,Low (5-8),168
Sessakuch Gaon No.2,dibrugarh west,Low (5-8),168
Moutani No.1,moran,Low (5-8),168
Hil Kachubam,naharkatiya,Low (5-8),168
Dhekeri Gaon,dibrugarh west,Low (5-8),168
Borbil Khaliahamari Gaon,moran,Low (5-8),168
Lengerijan Chah Bagicha,naharkatiya,Low (5-8),168
Lapat Kata Bengali Gaon,dibrugarh west,Low (5-8),168
Teloijan Darkhasta No.26,moran,Low (5-8),168
Gethu Pather,naharkatiya,Low (5-8),168
Bhurbhuri Gaon,dibrugarh west,Low (5-8),168
Dishang Kinar,naharkatiya,Low (5-8),168
Banti Chah Bagan-78,naharkatiya,Low (5-8),168
Gabharujan gaon No.2,dibrugarh west,Low (5-8),168
Taratali Pather,naharkatiya,Low (5-8),168
Tanti Pather,naharkatiya,Low (5-8),168
"Ghuronia Grant 181,184 91/97 N",dibrugarh west,Low (5-8),168
Tipam gaon,naharkatiya,Low (5-8),168
Uriamguri,naharkatiya,Low (5-8),168
Ghoramora & Chawra Gaon,dibrugarh west,Low (5-8),168
Abhoipuria Gaon,naharkatiya,Low (5-8),168
Himalubam,naharkatiya,Low (5-8),168
Deori Gaon,dibrugarh west,Low (5-8),168
Kachari Pather Gaon,naharkatiya,Low (5-8),168
Ghuguloni Da-Pather,naharkatiya,Low (5-8),168
Changamari Habi,dibrugarh west,Low (5-8),168
Tokoubil No.2,naharkatiya,Low (5-8),168
Balijan Maji,naharkatiya,Low (5-8),168
Lepet Kata Bengali Block,dibrugarh west,Low (5-8),168
Godhabil No.2(Chamaguri),naharkatiya,Low (5-8),168
Juria Pukhuri,naharkatiya,Low (5-8),168
Deodhai,naharkatiya,Low (5-8),168
Kunduguri TE,tingkhong,Low (5-8),168
Naharkatia Chah Bagicha,naharkatiya,Low (5-8),168
Borkhermia Gaon No.1,naharkatiya,Low (5-8),168
Kekuri Bangali,tingkhong,Low (5-8),168
Achabam Chah (No Appl) Bagicha,naharkatiya,Low (5-8),168
Hindu gaon,naharkatiya,Low (5-8),168
Barbil No.1,tingkhong,Low (5-8),168
Longjang,naharkatiya,Low (5-8),168
Rangagah Nepali,tengakhat,Low (5-8),168
Dalopa,tingkhong,Low (5-8),168
Basajan,naharkatiya,Low (5-8),168
Kachari Pather No.2,tengakhat,Low (5-8),168
Borbil No.2,tingkhong,Low (5-8),168
Naharkatia Kaibarta,naharkatiya,Low (5-8),168
Jaloni Maduba Chah Bagan 260,tengakhat,Low (5-8),168
Azizbag T.E.,tingkhong,Low (5-8),168
Balipar,naharkatiya,Low (5-8),168
Chapatoli No.4,tengakhat,Low (5-8),168
Deroi Tea Co.No.8 Darkhasta,tingkhong,Low (5-8),168
Dihing Kinar Naga,naharkatiya,Low (5-8),168
Chapatoli Nagar,tengakhat,Low (5-8),168
Grant No.57,tingkhong,Low (5-8),168
Jagunpara,naharkatiya,Low (5-8),168
Mer Bil N.C.,tengakhat,Low (5-8),168
Thekeraguri,tingkhong,Low (5-8),168
Chelengchuk,naharkatiya,Low (5-8),168
Chokali Pather Gaon,tengakhat,Low (5-8),168
Kachalu Pather,tingkhong,Low (5-8),168
Alichiga Gaon,naharkatiya,Low (5-8),168
Rajaali Bagan No.300NLR,tengakhat,Low (5-8),168
Nalani Kapohua No.3,tingkhong,Low (5-8),168
Mali Pather Gaon,naharkatiya,Low (5-8),168
Takelajan,tengakhat,Low (5-8),168
Longboi Nahula,tingkhong,Low (5-8),168
DehingKinerBangaliGaon I,tengakhat,Low (5-8),168
Kheroni,tingkhong,Low (5-8),168
Mohmari Gaon No.2,tengakhat,Low (5-8),168
Dhamon No.2,tingkhong,Low (5-8),168
Bhagamuria Gaon,tengakhat,Low (5-8),168
Tarani F.V,na,Low (5-8),168
Tikirabali,tengakhat,Low (5-8),168
Sam Pather No.1,na,Low (5-8),168
Pabhajan No.1,tengakhat,Low (5-8),168
Halibandha No.2,tengakhat,Low (5-8),168
Joktoli Barbam T.E. 44/171,na,Low (5-8),168
Halibandha No.1,tengakhat,Low (5-8),168
Tingrai Nepali No.1,tengakhat,Low (5-8),168
Hapjan Parbat ChahBagicha (87/,na,Low (5-8),168
Tingrai Charial,tengakhat,Low (5-8),168
Madhuting TE 335 NLR,tengakhat,Low (5-8),168
Dilli Chah Bagicha,na,Low (5-8),168
Pandua Gaon,tengakhat,Low (5-8),168
Taloni No. 259 NLR (pt.1),tengakhat,Low (5-8),168
Namchang Chah Bagicha,na,Low (5-8),168
Basmotia Grant Gaon,tengakhat,Low (5-8),168
Taloni No.138 Dharkhtra-15,tengakhat,Low (5-8),168
Dighalibari Gaon,na,Low (5-8),168
Joloni Grant no.15 (pt.1),tengakhat,Low (5-8),168
Wilton No.10,tengakhat,Low (5-8),168
Telijan Gaon,na,Low (5-8),168
Kekuri No.2,tingkhong,Low (5-8),168
Bherbheri Gaon,tengakhat,Low (5-8),168
Chaikash gaon,na,Low (5-8),168
Grab TE 5/34/105,tingkhong,Low (5-8),168
Ramkani,tengakhat,Low (5-8),168
Gelipung,na,Low (5-8),168
Karangani No.340 NLR,tingkhong,Low (5-8),168
Kathaloni Gaon,tengakhat,Low (5-8),168
Maran Chah Comp 18/139 no.f.s.,na,Low (5-8),168
Sessa Nepali,tingkhong,Low (5-8),168
Hukuta Gaon,tengakhat,Low (5-8),168
Kachmari No.2,na,Low (5-8),168
Churatanibam,tingkhong,Low (5-8),168
Dehing Arasuti,tengakhat,Low (5-8),168
Bhalukaguri,na,Low (5-8),168
Goghain Pathar,tingkhong,Low (5-8),168
Da-Hukuta,tengakhat,Low (5-8),168
Balijan 240 Darkasta,na,Low (5-8),168
Desam Chah Bagicha,tingkhong,Low (5-8),168
Chapatoli No.3,tengakhat,Low (5-8),168
Ouphulia TE No.33,na,Low (5-8),168
Nagabat No.2,tingkhong,Low (5-8),168
Madhuting Bangali,tengakhat,Low (5-8),168
Burisuti Kaibartta Gaon,na,Low (5-8),168
Maragajali,tingkhong,Low (5-8),168
Chapatoli No.2,tengakhat,Low (5-8),168
baghbari Gaon,na,Low (5-8),168
Longboi No.341 NLR,tingkhong,Low (5-8),168
Ghoomtal Gaon,tengakhat,Low (5-8),168
Hugrijan T.E.64/116 F.S.,na,Low (5-8),168
Sapkait No.1,tingkhong,Low (5-8),168
Mohmari Gaon No.1,tengakhat,Low (5-8),169
Dillighat Gaon No.1,na,Low (5-8),169
Bortoni No.2,tingkhong,Low (5-8),169
Amulguri Chah Bagan,tengakhat,Low (5-8),169
Miri Gaon,na,Low (5-8),169
Chabaru Baliani,na,Low (5-8),169
Phukan Bari Chah Bagan,tengakhat,Low (5-8),169
Nemu Pather No.69,na,Low (5-8),169
Bazalani 8/6/19 WL,na,Low (5-8),169
Merbil Pabhajan,tengakhat,Low (5-8),169
Nephaphu T.E.(Rangmola),na,Low (5-8),169
Mahmora Alikiner,na,Low (5-8),169
Lankashi Gaon,tengakhat,Low (5-8),169
Kachmari No.1,na,Low (5-8),169
Raidang,na,Low (5-8),169
Digboi Pather,tengakhat,Low (5-8),169
Diraight,na,Low (5-8),169
Bindhakata Gaon,na,Low (5-8),169
Merbil Pather,tengakhat,Low (5-8),169
Namoni Pather,na,Low (5-8),169
Naharkatia Bamun Gaon,tengakhat,Low (5-8),169
Rajabaribam,na,Low (5-8),169
Borhula Kachari Vill.,tengakhat,Low (5-8),169
Bar Saikiagaon,na,Low (5-8),169
Dulia No.1,tengakhat,Low (5-8),169
Rongmela,na,Low (5-8),169
Chabua TE 93/96-192NLR Grt.,chabua,Very Low (1-4),169
Ushapur,naharkatiya,Very Low (1-4),169
Fakial,naharkatiya,Very Low (1-4),169
Chengdhora,chabua,Very Low (1-4),169
Chapatoli Bangali,naharkatiya,Very Low (1-4),169
Faltutola Gaon,naharkatiya,Very Low (1-4),169
Mahabir Gaon,chabua,Very Low (1-4),169
Joypur Town,naharkatiya,Very Low (1-4),169
Nagaon Dhadumia,naharkatiya,Very Low (1-4),169
Nadua Grant,chabua,Very Low (1-4),169
Tipam Fakial,naharkatiya,Very Low (1-4),169
Keyam Pather No.70,na,Very Low (1-4),169
"Nahartoli T.E. 86,87,88 No.NLR",chabua,Very Low (1-4),169
Cherepajan,naharkatiya,Very Low (1-4),169
Dihajan Gaon,na,Very Low (1-4),169
Chiring Gaon,dibrugarh east,Very Low (1-4),169
Chengelijan Habi No.2,naharkatiya,Very Low (1-4),169
Kololur Block No.2,na,Very Low (1-4),169
Handique Gaon,dibrugarh east,Very Low (1-4),169
Chagalijan,naharkatiya,Very Low (1-4),169
Deroibam No.79,na,Very Low (1-4),169
Bakulbari 26/147 ORR,dibrugarh east,Very Low (1-4),169
Kekuri No.1,tengakhat,Very Low (1-4),169
Gorginga,na,Very Low (1-4),169
Saru Pather Gaon,dibrugarh east,Very Low (1-4),169
Hoogurijan,tengakhat,Very Low (1-4),169
Joktole Barbam 24/170 N.P.,na,Very Low (1-4),169
Japara Gaon,dibrugarh east,Very Low (1-4),169
Bherakibam Gaon,tengakhat,Very Low (1-4),169
Tamulbari T.E.90/93 NLR,dibrugarh east,Very Low (1-4),169
Chetia Pather No.2,tengakhat,Very Low (1-4),169
Rajabheta 135 No.F.S.,dibrugarh east,Very Low (1-4),169
Jutlibari Borholla,tengakhat,Very Low (1-4),169
Majutomto Bagan,dibrugarh east,Very Low (1-4),169
Chetia Pather No.1,tengakhat,Very Low (1-4),169
Mohmari Gaon-2,dibrugarh east,Very Low (1-4),169
Madhuting Gaon,tengakhat,Very Low (1-4),169
British India TE1/159 RR Grant,dibrugarh east,Very Low (1-4),169
Boragadhai Gaon,tengakhat,Very Low (1-4),169
Bhurbhuri Gaon No.2,dibrugarh east,Very Low (1-4),169
Kachmari Hatigarh Gaon,dibrugarh east,Very Low (1-4),169
Rangajan No.1,tengakhat,Very Low (1-4),169
Mankota 1/159 No.RR(A)pt.,dibrugarh east,Very Low (1-4),169
"Balijan Gaon 131,124",tengakhat,Very Low (1-4),169
Dighalia Block,moran,Very Low (1-4),169
Dhekiajan No.2,tengakhat,Very Low (1-4),169
Sam Pather No.2,moran,Very Low (1-4),169
Jaloni No.81,tengakhat,Very Low (1-4),169
Sepon Chah Bagicha 224/122&116,moran,Very Low (1-4),169
Basmotia T.E.,tengakhat,Very Low (1-4),169
Rasi Pather No.2,moran,Very Low (1-4),169
Era pather,tengakhat,Very Low (1-4),169
Losongaya Miri Gaon,moran,Very Low (1-4),169
MerbilMujulia No.2,tengakhat,Very Low (1-4),169
Dumordolong No.2,moran,Very Low (1-4),169
Merbil Majuli No.1,tengakhat,Very Low (1-4),169
Kololur,moran,Very Low (1-4),169
Padumoni Gaon,tengakhat,Very Low (1-4),169
Dehingia NadiKinerNC No.2,moran,Very Low (1-4),169
Rajgarh TE 275/299 NLR,tengakhat,Very Low (1-4),169
Halmari 20 Darkhasta,moran,Very Low (1-4),169
Chakalia Pather No.2,tengakhat,Very Low (1-4),169
Ahomgaon Kataki Pukhuri,moran,Very Low (1-4),169
Rajgarh TE 276 NLR,tengakhat,Very Low (1-4),169
0Silputa No.3,moran,Very Low (1-4),169
Deroi Grant No.1,tengakhat,Very Low (1-4),169
Sagunijan,moran,Very Low (1-4),169
Kachalu Pather No.2,tengakhat,Very Low (1-4),169
Sologuri Bangali,moran,Very Low (1-4),169
Dichang Block,tengakhat,Very Low (1-4),169
Ghugal Pather No.1,moran,Very Low (1-4),169
Sapkait No.2,tengakhat,Very Low (1-4),169
Silisili Kalalur Kochari Gaon,moran,Very Low (1-4),169
Deroi T.E. 44/188,tengakhat,Very Low (1-4),169
Phatikachowa Barbam,moran,Very Low (1-4),169
Deroi No.57 Darkhasta,tengakhat,Very Low (1-4),169
Umatara Chah Bagicha,naharkatiya,Very Low (1-4),169
Karangani No.18,tengakhat,Very Low (1-4),169
Tipam Fakial Nepali,naharkatiya,Very Low (1-4),169
Tipomia No.2,tengakhat,Very Low (1-4),169
Tiyoki Block (Kumar Gaon),naharkatiya,Very Low (1-4),169
Panidharia Gaon,naharkatiya,Very Low (1-4),169
Rang Rangia Gaon,na,Very Low (1-4),169
Uriamguri Block,naharkatiya,Very Low (1-4),169
App.No.347 LNR Part,naharkatiya,Very Low (1-4),169
Ghugula Pather,na,Very Low (1-4),169
